DELETE FROM inscriptions; 
DELETE FROM sessions;
DELETE FROM adherents;
DELETE FROM activites;
INSERT INTO adherents (id, mot_de_passe, nom, prenom, email, date_naissance, code_postal) VALUES (1, '$2y$12$7Nz2hI6pGAXstSkdZfwNvOKX26eVIow0Re33XZsUhwo3LBLB6gfN2', 'delsol', 'jeremy', 'jeremydelsol@gmail.com', '1983-05-10', '31400');
INSERT INTO adherents (id, mot_de_passe, nom, prenom, email, date_naissance, code_postal) VALUES (2, '$2y$12$7Nz2hI6pGAXstSkdZfwNvOKX26eVIow0Re33XZsUhwo3LBLB6gfN2', 'gricourt', 'mathieu', 'mathieugricourt@gmail.com', '1987-10-26', '76000');
INSERT INTO adherents (id, mot_de_passe, nom, prenom, email, date_naissance, code_postal) VALUES (3, '$2y$12$7Nz2hI6pGAXstSkdZfwNvOKX26eVIow0Re33XZsUhwo3LBLB6gfN2', 'sasaki', 'airi', 'airisasaki@gmail.com', '1991-07-19', '99');
INSERT INTO activites (id, libelle, description, tarif) VALUES (1, 'Yosakoi', 'Danse dynamique et sportive japonaise', '10');
INSERT INTO activites (id, libelle, description, tarif) VALUES (2, 'Taiko', 'Tambour japonais', '20');
INSERT INTO activites (id, libelle, description, tarif) VALUES (3, 'Ikebana', 'Arrangement floral', '10');
INSERT INTO sessions (id, date, places, lieu, debut, fin, id_activite) VALUES (1, '2019-12-14', '5', 'Salle de danse de Castelginest', '14:00', '15:30', '1');
INSERT INTO sessions (id, date, places, lieu, debut, fin, id_activite) VALUES (2, '2019-12-11', '5', 'Espace Wakaba', '15:45', '16:45', '3');
INSERT INTO sessions (id, date, places, lieu, debut, fin, id_activite) VALUES (3, '2019-12-14', '5', 'Salle de musique Toulouse', '14:00', '16:00', '2');
INSERT INTO inscriptions (id, date, id_adherent, id_session) VALUES (1, '2019-11-05', '1', '2');
INSERT INTO inscriptions (id, date, id_adherent, id_session) VALUES (2, '2019-11-10', '2', '2');
INSERT INTO inscriptions (id, date, id_adherent, id_session) VALUES (3, '2019-11-11', '1', '1');
INSERT INTO inscriptions (id, date, id_adherent, id_session) VALUES (4, '2019-11-12', '3', '2');
INSERT INTO inscriptions (id, date, id_adherent, id_session) VALUES (5, '2019-11-15', '1', '3');
INSERT INTO inscriptions (id, date, id_adherent, id_session) VALUES (6, '2019-11-05', '2', '3');